key,Id,PlaceName,SizeFactor,OffsetX,OffsetY
0,,0,100,0,0
1,default/00,21,100,0,0
2,f1t1/00,52,200,0,0
3,f1t2/00,53,200,0,0
4,f1f1/00,54,100,0,0
5,f1f2/00,55,100,0,0
6,f1f3/00,56,100,0,0
7,f1f4/00,57,100,0,0
8,f1d1/00,58,300,0,0
9,f1r1/00,61,200,0,0
10,default/00,153,100,0,0
11,s1t1/01,28,200,0,0
12,s1t2/01,29,200,0,0
13,w1t1/01,40,200,0,0
14,w1t2/01,41,200,0,0
15,s1f1/00,30,100,0,0
16,s1f2/00,31,100,0,0
17,s1f3/01,32,100,0,0
18,s1f4/00,33,100,0,0
19,s1f5/00,34,100,0,0
20,w1f1/00,42,100,0,0
21,w1f2/00,43,100,0,0
22,w1f3/00,44,100,0,0
23,w1f4/01,45,100,0,0
24,w1f5/00,46,100,0,0
25,l1f1/01,67,100,0,0
26,s1ti/00,733,800,0,0
27,w1ti/00,617,800,0,0
28,f1ti/00,548,800,0,0
29,default/00,0,200,0,0
30,s1f6/00,350,100,0,0
31,s1d1/00,35,200,0,0
32,s1d3/00,37,200,0,0
33,s1fa/00,359,400,0,0
34,w1d1/01,48,200,0,0
35,w1fa/00,357,400,0,0
36,f1fa/00,360,400,0,0
37,r1d1/00,401,200,0,0
38,r1r2/00,65,200,0,0
39,r1fa/01,361,400,0,0
40,w1d1/02,48,200,0,0
41,w1d1/03,48,200,0,0
42,w1d3/01,50,200,0,0
43,w1d3/02,50,200,0,0
44,w1d3/03,50,200,0,0
45,s1d2/00,36,200,0,0
46,w1d2/00,49,200,0,0
47,w1d4/00,260,200,0,0
48,f1d2/01,59,200,0,0
49,f1d3/01,128,200,0,0
50,r1r1/01,64,200,0,0
51,s1p1/00,358,400,-77,0
52,w1r1/01,47,200,0,0
53,r1f1/00,63,100,0,0
54,f1d2/02,59,200,0,0
55,f1d2/03,59,200,0,0
56,w1d5/01,440,200,0,0
57,s1b1/00,464,200,0,0
58,s1b2/00,465,200,0,0
59,s1b4/00,467,200,0,0
60,s1b5/00,468,200,0,0
61,default/00,469,100,0,0
62,s1b3/01,466,200,0,0
63,s1b3/02,466,200,0,0
64,s1b3/03,466,200,0,0
65,f1b3/01,1303,200,0,0
66,f1b3/02,1303,200,0,0
67,f1b3/03,1303,200,0,0
68,f1e4/00,346,800,0,0
69,f1e5/00,347,400,0,0
70,w1t1/02,40,200,0,0
71,l1r1/01,478,200,0,0
72,s1h1/01,425,200,0,0
73,w1t2/02,41,200,0,0
74,s1t1/02,28,200,0,0
75,s1e4/00,351,800,0,0
76,w1fa/10,4442,400,0,0
77,n4gw/00,5137,400,-100,-100
78,w1e4/00,354,400,0,0
79,,0,100,0,0
80,w1e6/00,356,400,0,0
81,s1p2/00,154,400,0,0
82,f1h1/01,426,200,0,0
83,w1h1/01,427,200,0,0
84,f1d3/02,128,200,0,0
85,f1d3/03,128,200,0,0
86,r1r1/02,64,200,0,0
87,region/00,22,100,0,0
88,region/02,24,100,0,0
89,region/01,23,100,0,0
90,region/03,25,100,0,0
91,region/04,26,100,0,0
92,world/00,21,100,0,0
93,w1f4/02,45,100,0,0
94,w1e6/00,356,400,0,0
95,o1e2/00,462,400,0,0
96,w1r1/02,47,200,0,0
97,w1r1/03,47,200,0,0
98,r1fa/02,459,400,0,0
99,w1d5/02,440,200,0,0
100,w1d5/03,440,200,0,0
101,w1d5/04,440,200,0,0
102,w1d5/05,440,200,0,0
103,w1d5/06,440,100,0,0
104,w1d5/07,440,100,0,0
105,l1f1/02,67,400,0,0
106,default/00,152,100,0,0
107,w1e6/00,356,400,0,0
108,s1d4/01,230,200,0,0
109,s1i1/01,1100,400,0,0
110,s1i2/01,1101,400,0,0
111,s1i2/02,1101,400,0,0
112,s1i2/03,1101,400,0,0
113,s1i3/01,1102,400,0,0
114,s1i3/02,1102,400,0,0
115,s1i3/03,1102,400,0,0
116,f1i1/01,1106,400,0,0
117,f1i2/01,1107,400,0,0
118,f1i2/02,1107,400,0,0
119,f1i2/03,1107,400,0,0
120,f1i3/01,1108,400,0,0
121,f1i3/02,1108,400,0,0
122,f1i3/03,1108,400,0,0
123,w1i1/01,1103,400,0,0
124,w1i2/01,1104,400,0,0
125,w1i2/02,1104,400,0,0
126,w1i2/03,1104,400,0,0
127,w1i3/01,1105,400,0,0
128,w1i3/02,1105,400,0,0
129,w1i3/03,1105,400,0,0
130,s1d4/02,230,200,0,0
131,s1d4/03,230,200,0,0
132,s1d4/04,230,200,0,0
133,s1d4/05,230,200,0,0
134,s1d4/06,230,200,0,0
135,l1r1/02,478,200,0,0
136,l1e1/01,481,400,0,0
137,f1d4/01,484,200,0,0
138,f1d4/02,484,200,0,0
139,f1d4/03,484,200,0,0
140,w1d6/01,483,200,0,0
141,w1d6/02,483,200,0,0
142,w1d6/03,483,200,0,0
143,w1fb/00,477,400,0,0
144,r1fb/00,386,200,0,0
145,w1d7/00,1333,200,0,0
146,s1d6/00,1351,200,0,0
147,o1fa/00,1334,400,0,0
148,f1b1/00,1301,200,0,0
149,f1b2/01,1302,200,0,0
150,f1b4/00,1304,200,0,0
151,f1d5/01,125,200,0,0
152,f1d5/02,125,200,0,0
153,s1i1/02,1100,400,0,0
154,f1i1/02,1106,400,0,0
155,w1i1/02,1103,400,0,0
156,f1b2/02,1302,200,0,0
157,r1d2/00,1376,200,0,0
158,l1r2/01,493,200,0,0
159,l1r2/02,493,200,0,0
160,l1r2/03,493,200,0,0
161,l1r2/04,493,200,0,0
162,l1r2/05,493,200,0,0
163,l1r2/06,493,200,0,0
164,l1r2/07,493,200,0,0
165,f1d6/00,1375,300,0,0
166,f1fb/00,1363,400,0,0
167,l1p3/00,1374,100,0,0
168,s1d5/00,1377,200,0,0
169,s1d7/00,494,200,0,0
170,s1i4/00,1157,400,0,0
171,f1i4/00,1159,400,0,0
172,w1i4/00,1158,400,0,0
173,r1fc/00,1399,400,0,0
174,r1d3/00,404,200,0,0
175,w1b1/00,1406,200,0,0
176,w1b2/00,1407,200,0,0
177,w1b3/00,1408,200,0,0
178,w1b4/00,1409,200,-448,0
179,r1e2/00,1429,400,0,0
180,f1e6/00,55,200,0,0
181,,56,100,0,0
182,w1d8/01,1403,200,0,0
183,w1d8/02,1403,200,0,0
184,l1r3/00,1431,200,0,0
185,default/00,1432,100,0,0
186,r1fd/00,406,200,0,0
187,default/00,56,100,0,0
188,s1d8/00,495,200,0,0
189,f1d7/01,1447,200,0,0
190,f1d7/02,1447,200,0,0
191,f1d7/03,1447,200,0,0
192,s1h1/02,425,200,704,704
193,f1h1/02,426,200,704,704
194,w1h1/02,427,200,704,704
195,default/00,49,100,0,0
196,w1eb/00,1484,400,0,0
197,w1ed/00,1484,400,0,0
198,s1fb/00,1500,100,-472,-424
199,w1fc/01,1500,100,0,0
200,f1fc/00,1500,100,0,0
201,l1d1/01,418,200,0,0
202,l1d1/02,418,200,0,0
203,l1d1/03,418,200,0,0
204,s1i5/00,1227,400,0,0
205,w1i5/00,1228,400,0,0
206,f1i5/00,1229,400,0,0
207,z1e9/00,1390,400,0,0
208,default/00,1390,100,-220,0
209,default/00,112,200,0,0
210,default/00,128,200,0,0
211,r2f1/00,2200,95,0,0
212,d2f1/00,2000,95,0,0
213,d2f2/00,2001,95,0,0
214,d2f3/00,2002,95,0,0
215,a2f1/00,2100,95,0,0
216,a2f2/00,2101,95,0,0
217,w1fc/02,1500,100,0,-690
218,r2t1/00,2300,200,0,0
219,r2t2/00,2301,200,0,0
220,r2e1/00,2337,400,0,0
221,r2e3/00,2335,400,0,0
222,r2e4/00,2320,400,0,0
223,r2ti/00,2310,800,0,0
224,r2e5/00,2313,400,0,0
225,r2e6/00,2336,400,0,0
226,d2e2/00,2083,400,0,0
227,d2d1/01,2007,200,185,51
228,d2d1/02,2007,200,-162,55
229,d2d1/03,2007,200,51,59
230,a2d2/00,2130,200,0,0
231,a2d1/01,2147,200,-18,149
232,a2d1/02,2147,200,-18,-18
233,a2d1/03,2147,200,359,250
234,a2d1/04,2147,200,-229,-62
235,a2fa/00,2151,400,0,0
236,a2fb/00,2178,400,0,0
237,d2a1/00,1628,200,0,0
238,d2a2/01,1633,200,0,0
239,d2a3/00,1638,200,0,0
240,d2a4/00,1645,200,0,0
241,d2d3/00,2038,200,0,0
242,s2p1/00,496,100,0,0
243,r2d1/00,2214,200,0,0
244,a2d3/01,2148,200,0,-213
245,a2d3/02,2148,200,-163,-75
246,a2d3/03,2148,200,237,-128
247,a2d3/04,2148,200,0,350
248,r2d2/01,2327,200,0,0
249,r2d2/02,2327,200,0,0
250,r2d2/03,2327,200,0,0
251,r2d2/04,2327,200,0,0
252,d2d2/00,2050,200,-40,55
253,d2e3/00,2036,400,0,0
254,a2d1/04,2147,200,-229,-322
255,d2a2/02,1633,200,0,0
256,d2fa/00,2081,400,0,0
257,d2t1/00,2082,400,0,0
258,region/05,497,100,0,0
259,region/06,498,100,0,0
260,default/00,1667,100,0,0
261,a2e2/00,2179,400,0,0
262,s1d9/01,499,200,0,0
263,s1d9/02,499,200,0,0
264,s1d9/03,499,200,0,0
265,s1d9/04,499,200,0,0
266,s1d9/05,499,200,15,122
267,default/00,1660,100,0,0
268,d2d4/01,2034,200,40,6
269,z2r1/01,2181,200,289,0
270,z2r1/02,2181,200,289,0
271,z2r1/03,2181,200,0,0
272,z2r1/04,2181,200,-289,-180
273,d2d4/02,2034,200,55,-4
274,a2fc/00,0,100,0,0
275,a2fc/00,0,100,0,0
276,a2fc/00,0,100,0,0
277,d2d5/01,2088,200,0,0
278,d2d5/02,2088,200,0,0
279,d2d5/03,2088,200,0,0
280,f1d8/01,1704,200,64,315
281,f1d8/02,1704,200,197,325
282,f1d8/03,1704,200,-175,-297
283,a2fd/00,2256,400,0,0
284,s1p4/00,1664,200,0,0
285,s1p5/00,1664,200,0,0
286,d2a5/00,1708,200,0,0
287,d2a6/01,1714,200,0,0
288,d2a6/02,1714,200,0,150
289,d2a7/00,1723,200,-110,-170
290,d2a8/00,1731,200,0,0
291,default/00,1732,100,0,0
292,d2d6/01,2090,200,370,0
293,d2d6/02,2090,200,-370,-200
294,d2d6/03,2090,200,-370,300
295,w1ee/00,1665,800,0,0
296,r2p1/00,1740,100,0,0
297,s1da/00,1741,200,0,0
298,z2r2/01,1742,200,-40,-40
299,z2r2/02,1742,200,298,350
300,z2r2/03,1742,200,290,-272
301,z2r2/04,1742,200,-272,334
302,z2r2/05,0,200,-288,-250
303,z2r2/06,1742,200,296,0
304,r1fe/00,406,400,0,0
305,a2e3/00,1803,400,0,0
306,a2e4/00,1804,800,0,0
307,r1e3/00,406,400,0,0
308,f1tg/00,1800,400,0,0
309,w1tg/00,1801,400,0,0
310,s1tg/00,1802,400,0,0
311,d2d7/01,2091,200,116,0
312,d2d7/02,2091,200,-219,117
313,r2d3/00,1792,200,-148,35
314,default/00,1793,100,0,0
315,default/00,1799,100,0,0
316,a2ff/00,2180,400,0,0
317,f1d9/01,1834,200,0,0
318,f1d9/02,1834,200,0,0
319,f1d9/03,1834,200,0,0
320,s1i6/00,1811,400,0,0
321,f1i6/00,1813,400,0,0
322,w1i6/00,1815,400,0,0
323,s1i4/00,1812,400,0,0
324,f1i4/00,1814,400,0,0
325,w1i4/00,1816,400,0,0
326,d2a9/01,1835,200,75,14
327,d2a9/02,1835,200,0,358
328,d2aa/01,1841,200,0,-80
329,d2aa/02,1841,200,0,-80
330,d2ab/01,1847,200,0,0
331,d2ab/02,1847,200,0,0
332,d2ac/00,1853,200,0,0
333,default/00,1853,100,0,0
334,a2fe/00,2265,400,0,0
335,w1ef/00,695,800,0,0
336,e3d1/00,2779,200,0,35
337,f1da/01,1857,200,182,32
338,f1da/02,1857,200,0,0
339,f1da/03,1857,200,-138,0
340,f1da/04,1857,200,-345,-295
341,default/00,1856,100,0,0
342,d2ab/02,1847,200,0,0
343,z2r3/01,1868,200,-350,-400
344,z2r3/02,1868,200,100,-100
345,z2r3/03,1868,200,0,0
346,z2r3/04,0,200,350,400
347,z2r3/05,0,200,-350,400
348,f1p1/00,1884,200,0,0
349,f1p2/00,1884,200,0,0
350,d2d8/01,1888,200,128,-32
351,d2d8/02,1888,200,-256,-192
352,d2d8/03,1888,200,-192,192
353,a2fg/00,2266,400,0,0
354,e3f2/00,2410,100,0,0
355,l1e3/00,1887,400,0,0
356,a2fh/00,0,100,0,0
357,l1p1/00,1374,100,0,0
358,default/00,1647,100,0,0
359,o3d1/00,2297,200,0,0
360,e3d4/01,2298,200,70,33
361,e3d4/02,2298,200,-277,-49
362,g3d3/01,2707,200,-427,-314
363,g3d3/02,2707,200,296,170
364,e1h1/01,2412,200,0,0
365,e1h1/02,2412,200,704,704
366,g3t1/00,2403,200,0,0
367,g3f1/00,2406,100,0,0
368,g3f2/00,2407,100,0,0
369,g3f3/00,2408,100,0,0
370,e3t1/00,2404,200,0,0
371,e3f1/00,2409,100,0,0
372,e3f3/00,2411,100,0,0
373,g3d2/01,2691,200,292,-163
374,g3d2/02,2691,200,-250,128
375,e3d2/00,2833,200,0,0
376,o3e1/00,1960,400,0,0
377,e3e1/00,2927,400,0,0
378,e3e5/00,2805,400,0,0
379,e3ea/00,2813,400,-60,-46
380,e3ti/00,2910,800,0,0
381,g3e1/00,2339,400,0,0
382,g3e3/00,2296,400,0,0
383,g3e4/00,2709,200,410,142
384,world/01,3700,100,0,0
385,region/07,2400,100,0,0
386,region/08,2401,100,0,0
387,region/09,2402,100,0,0
388,e1i6/00,2272,400,0,0
389,z3o1/00,2284,200,0,0
390,z3o2/00,2357,400,0,0
391,z3o3/00,2358,400,0,0
392,z3o4/00,2359,400,0,0
393,default/00,2359,400,-256,-4
394,z3o5/00,2360,400,0,0
395,default/00,2284,100,0,0
396,e3d3/00,2810,200,0,0
397,g3d1/00,2665,200,72,-186
398,default/00,2284,100,-1000,-1000
399,g3fa/00,2299,400,0,0
400,e3fa/00,2295,400,0,0
401,w1fa/00,357,400,0,0
402,r1fa/01,361,400,0,0
403,s1fa/00,359,400,0,0
404,d2fa/00,2081,400,0,0
405,g3fb/01,2708,400,0,0
406,g3fb/02,2715,400,0,0
407,a2fa/00,2151,400,0,0
408,default/00,2340,100,0,0
409,default/00,2340,100,0,0
410,g3t1/00,2403,200,0,0
411,e3t1/00,2404,200,0,0
412,d2p1/00,2099,100,0,0
413,g3d4/01,2367,200,185,5
414,z3fa/00,2414,100,0,0
415,g3d4/02,2367,200,-315,5
416,f1bz/00,1759,400,0,0
417,g3d2/02,2291,200,-250,128
418,region/99,2405,100,0,0
419,g3e6/00,2296,200,0,0
420,z3e2/00,2370,400,0,0
421,z3e3/00,2371,400,0,0
422,z3r1/01,2372,200,300,-100
423,z3r1/02,2372,200,-250,-300
424,z3r1/03,2372,200,-100,300
425,e1i1/01,1893,400,0,0
426,e1i1/02,1893,400,0,0
427,e1i2/01,1894,400,0,0
428,e1i2/02,1894,400,0,0
429,e1i2/03,1894,400,0,0
430,e1i3/01,1895,400,0,0
431,e1i3/02,1895,400,0,0
432,e1i3/03,1895,400,0,0
433,e1i5/00,2271,400,0,0
434,e1i4/00,2270,400,0,0
435,g3fc/01,2715,400,0,0
436,g3fc/02,2716,400,0,32
437,e3eb/00,2813,400,-60,-46
438,e1i4/00,2273,400,0,0
439,e3d5/00,2762,200,0,0
440,l1p2/00,2383,200,0,0
441,a2d4/01,2394,200,0,350
442,a2d4/02,2394,200,237,-128
443,a2d4/03,2394,200,0,-300
444,default/00,2284,100,0,0
445,z3o6/00,2284,200,-67,-250
446,z3o7/01,2717,400,0,0
447,z3o8/00,2718,400,0,0
448,z3o9/00,2719,400,0,0
449,z3oa/00,2720,400,0,0
450,e3fb/00,2354,400,0,0
451,f1e9/00,2356,400,0,125
452,z3o7/02,2717,400,30,-45
453,z3o7/03,2717,400,-145,70
454,z3o7/04,2717,400,-145,26
455,z3o7/05,2717,400,-145,-28
456,z3o7/06,2717,400,-145,-72
457,z3o7/07,2717,400,-216,70
458,z3o7/08,2717,400,-216,26
459,z3o7/09,2717,400,-216,-28
460,z3o7/10,2717,400,-216,-72
461,e3e7/00,2847,400,0,0
462,e3e8/00,2392,400,-62,475
463,e3ec/00,2813,400,23,34
464,e3d6/01,2801,200,240,0
465,e3d6/02,2801,200,-240,0
466,e3d6/03,2801,200,-15,0
467,z3fb/00,2462,100,0,0
468,e3fc/00,2448,400,-100,-100
469,default/00,2391,100,0,0
470,z3r2/01,2483,200,202,-92
471,z3r2/02,2483,200,230,432
472,z3r2/03,2483,200,230,494
473,z3r2/04,2483,200,-800,144
474,z3r2/05,2483,200,-800,-800
475,w1fz/00,2449,400,-100,-100
476,e3fd/00,2450,400,-100,-100
477,default/00,2775,100,0,0
478,default/00,2851,100,0,0
479,e3ee/00,2799,400,0,0
480,e3d7/00,2851,200,0,0
481,d2d9/01,2484,200,0,0
482,d2d9/02,2484,200,0,0
483,default/00,2451,100,0,0
484,z3fc/00,2530,100,0,0
485,z3oc/00,2725,400,-100,-100
486,z3oe/00,2727,400,-100,-100
487,w1t1/01,40,200,0,0
488,w1p1/00,2589,100,0,0
489,e3ff/00,2499,400,-100,-100
490,w1tz/00,2548,400,-100,-100
491,n4f1/00,2953,100,0,0
492,n4f2/00,2954,100,0,0
493,n4f3/00,2955,100,0,0
494,n4f4/00,2956,100,0,0
495,n4f5/00,2957,100,0,0
496,n4f6/00,2958,100,0,0
497,n4t1/00,2951,200,0,0
498,n4t2/01,2952,200,0,0
499,o3c2/00,2485,400,-100,-100
500,g3d5/00,2586,200,0,0
501,z3od/00,2736,400,-100,-100
502,z3of/00,2737,400,-100,-100
503,e3fe/00,2496,400,-100,-100
504,f1d9/01,2497,200,0,0
505,f1d9/02,2497,200,0,0
506,f1d9/03,2497,200,0,0
507,default/00,2498,400,0,0
508,default/00,2284,100,0,0
509,default/00,2284,400,-100,-100
510,n4d3/01,3018,200,0,-274
511,n4d3/02,3018,200,0,403
512,z3r3/01,2864,200,-545,-663
513,z3r3/02,2864,200,-600,-150
514,z3r3/03,2864,200,645,540
515,z3fd/01,2545,100,0,475
516,e3fg/00,2510,400,-100,-100
517,g3e7/01,2863,400,0,0
518,g3e7/02,2862,400,480,-130
519,z3r3/04,2864,200,-600,600
520,z3fd/02,2545,200,0,-754
521,z3fd/03,2545,200,0,-450
522,z3r3/05,2864,200,-300,50
523,z3r3/06,2864,200,600,600
524,z3fd/04,2545,200,0,-450
525,z3fd/05,2545,200,0,-450
526,z3fd/06,2545,200,0,-450
527,z3fd/07,2545,200,0,-450
528,n4d2/01,2979,200,0,200
529,n4d2/02,2979,200,170,0
530,n4d7/01,2982,200,0,0
531,n4d7/02,2982,200,0,0
532,n4d6/01,2985,100,0,0
533,n4d6/02,2985,100,0,0
534,world/99,0,100,0,0
535,world/02,3701,100,0,0
536,n4d5/01,2997,200,-188,0
537,n4d5/02,2997,200,240,-100
538,n4d8/01,3007,200,0,30
539,n4d8/02,3007,200,0,379
540,n4d4/01,3028,200,-65,-30
541,n4d4/02,3028,200,-212,-220
542,n4d4/03,3028,200,-220,-212
543,region/10,2950,100,0,0
544,n4d1/00,3050,200,0,0
545,l1e5/00,3221,400,0,0
546,n4ti/00,3222,800,0,0
547,n4e1/00,3223,400,0,0
548,s1t2/02,1427,400,151,-266
549,s1f3/02,1428,400,25,-258
550,default/00,3226,100,461,560
551,default/00,3227,100,120,768
552,default/00,3219,100,-109,-690
553,default/00,3228,100,0,0
554,n4t2/02,2952,200,0,0
555,n4t2/03,2952,200,0,0
556,n4fa/00,3218,400,-100,-100
557,n4fb/00,3219,400,-100,-100
558,n4fc/00,3220,400,-100,-100
559,n4g1/00,3214,400,-100,-100
560,n4g2/00,3215,400,-100,-100
561,n4g3/00,3216,400,-100,-100
562,n4g4/00,3217,400,-100,-100
563,default/00,3229,100,0,0
564,default/00,3214,100,0,0
565,n4gz/00,3225,400,0,0
566,n4fd/00,3220,400,-100,-100
567,n4d9/01,3385,200,0,0
568,e3p1/00,3378,100,0,0
569,n4r1/01,3425,200,610,70
570,n4r1/02,3425,200,805,240
571,n4r1/03,3425,200,742,-584
572,n4r1/04,3425,200,-900,-672
573,d2az/00,3017,400,-100,-100
574,r1hx/00,3435,200,0,0
575,n4e8/01,3427,400,0,0
576,n4e9/10,3428,400,-12,50
577,default/00,3429,100,0,0
578,n4r1/01,3425,200,610,70
579,n4r1/02,3425,200,805,240
580,n4r1/03,3425,200,742,-584
581,n4r1/04,3425,200,-900,-672
582,n4e9/40,3428,400,-12,50
583,n4fe/00,3442,400,-100,-100
584,a2fx/00,1647,100,0,0
585,n4da/01,3467,200,100,-390
586,n4da/02,3467,200,0,0
587,r1hx/21,3435,200,0,0
588,r1hx/22,3435,200,0,0
589,n4g5/00,3468,400,-100,-100
590,n4g6/00,3469,400,-100,-100
591,n4g7/00,3470,400,-100,-100
592,n4db/01,3511,200,626,-611
593,n4db/02,3511,200,608,648
594,n4db/03,3511,200,-567,-488
595,n4da/03,3467,200,0,425
596,r1hx/23,3435,200,0,0
597,r1hx/24,3435,200,0,0
598,default/00,3471,100,0,0
599,n4g8/01,3487,400,-100,-100
600,default/00,3479,100,0,0
601,default/00,2527,400,0,0
602,n4g8/02,3488,400,-100,-165
603,n4ea/00,3478,400,0,0
604,o1a1/00,3477,400,0,0
605,r1hx/24,3435,200,0,0
606,n4b4/01,3534,100,-127,-424
607,n4b2/00,3486,400,-35,683
608,n4r2/01,3492,200,290,-190
609,n4r2/02,3492,200,290,200
610,n4r2/03,3492,200,-200,100
611,n4r2/04,3492,200,-200,460
612,n4ff/01,3568,400,-100,-100
613,default/00,3569,400,-100,-800
614,n4e8/02,3572,400,50,118
615,r1hx/31,3435,200,0,0
616,n4b4/02,3535,200,-80,492
617,n4eb/01,3571,400,2,-27
618,n4eb/02,3570,400,15,-610
619,l1e1/02,481,400,60,-20
620,r1hx/32,3435,200,0,0
621,r1hx/33,3435,200,0,0
622,r1hx/34,3435,200,0,0
623,n4r2/01,3492,200,290,-190
624,n4r2/02,3492,200,290,200
625,n4r2/03,3492,200,-200,100
626,n4r2/04,3492,200,-200,460
627,d4d1/01,3590,200,0,-75
628,d4d1/02,3590,200,180,0
629,d4d1/03,3590,200,0,150
630,d4d1/04,3590,200,0,150
631,n4g9/00,3596,400,-100,-100
632,n4gc/01,3635,400,-71,23
633,n4gc/02,3635,400,-44,-60
634,n4gc/03,3635,400,44,-60
635,n4gc/04,3635,400,71,23
636,n4gc/05,3635,400,0,75
637,n4ga/00,3620,400,-100,-100
638,n4fg/00,3581,400,-100,-100
639,d4d1/05,3590,200,-150,5
640,n4c2/00,3644,400,-100,-100
641,n4b5/01,3597,200,0,-378
642,n4b5/02,3597,200,-264,286
643,n4b5/03,3597,200,270,250
644,n4b5/04,3597,200,416,178
645,n4b5/05,3597,200,164,-96
646,n4b5/06,3597,200,270,-404
647,n4b5/07,3597,200,-300,-378
648,default/00,3435,200,0,0
649,r1hx/42,3435,200,0,0
650,r1hx/43,3435,200,0,0
651,r1hx/44,3435,200,0,0
652,r1hx/45,3435,200,0,0
653,r1hx/46,3435,200,0,0
654,r1hx/47,3435,200,0,0
655,default/00,3542,200,0,-750
656,n4gb/00,3595,400,-100,-100
657,default/00,3581,400,-100,-100
658,n4gz/00,3225,400,0,0
659,n4r3/01,3647,200,808,-772
660,n4r3/02,3647,200,792,810
661,n4r3/03,3647,200,-801,785
662,n4r3/04,3647,200,-798,-760
663,n4r3/05,3647,200,700,700
664,n4r3/06,3647,200,0,89
665,n4b6/01,3662,100,0,0
666,w4d1/01,2936,200,415,-110
667,w4d1/02,2936,200,-450,85
668,n4r3/07,3647,200,0,-401
669,n4r3/08,3647,200,0,-901
670,n4fh/00,3663,400,-100,-100
671,default/00,3663,400,-100,-100
672,n4b6/02,3662,200,-222,654
673,n4b6/03,3682,200,-632,-204
674,n4b6/04,3682,200,-650,336
675,n4b6/05,3682,200,718,702
676,u5fa/00,3684,400,-100,-100
677,k5fa/00,3685,400,-100,-100
678,u5fb/00,3686,400,-100,-100
679,r1h1/01,4139,200,0,0
680,r1h1/02,4139,200,702,655
681,r1i6/00,3694,400,0,0
682,r1i1/01,3689,400,0,0
683,r1i1/02,3689,400,0,0
684,r1i2/01,3690,400,0,0
685,r1i2/02,3690,400,0,0
686,r1i2/03,3690,400,0,0
687,r1i3/01,3691,400,0,0
688,r1i3/02,3691,400,0,0
689,r1i3/03,3691,400,0,0
690,r1i5/00,3693,400,0,0
691,r1i4/00,3692,400,0,0
692,r1i4/00,3695,400,0,0
693,k5t1/00,3706,200,0,0
694,m5t1/00,3707,200,0,0
695,k5f1/00,3708,100,0,0
696,m5f1/00,3709,100,0,0
697,m5f2/00,3710,100,0,0
698,u5f1/00,3711,100,0,0
699,u5f2/00,3712,100,0,0
700,n5f1/00,3713,100,0,0
701,m5d1/01,3736,200,-50,-50
702,m5d1/02,3736,200,290,-80
703,m5d1/03,3736,200,20,50
704,f1db/01,3696,200,20,10
705,f1db/02,3696,200,-480,-50
706,u5d2/01,3770,200,-22,-42
707,u5d2/02,3770,200,-9,0
708,u5d2/03,3770,200,-45,-88
709,n5r1/00,3769,400,-100,-100
710,n5d1/01,3759,200,40,-150
711,n5d1/02,3759,200,40,-70
712,n5d1/03,3759,200,0,-43
713,n5d1/04,3759,200,-25,40
714,n5d1/05,3759,200,30,-25
715,n5d1/06,3759,200,0,50
716,u5d3/01,3783,200,144,-14
717,u5d3/02,3783,200,0,-150
718,u5d3/03,3783,200,0,-150
719,k5d1/01,4146,200,8,-501
720,k5d1/02,4146,200,12,-285
721,k5d1/03,4146,200,18,317
722,n5r3/00,3797,400,-100,-100
723,m5d2/01,4118,200,270,-300
724,m5d2/02,4118,200,300,-130
725,m5d2/03,4118,200,-400,200
726,m5d2/04,4118,200,-230,-250
727,m5d2/05,4118,200,0,100
728,m5d2/06,4118,200,0,400
729,default/00,4111,100,0,0
730,n5r2/00,3798,400,-100,-100
731,n5r4/00,4135,400,-100,-100
732,region/11,3702,100,0,0
733,region/12,3703,100,0,0
734,region/13,3704,100,0,0
735,region/14,3705,100,0,0
736,u5d1/01,4100,200,-310,15
737,u5d1/02,4100,200,40,70
738,u5d1/03,4100,200,300,-60
739,m5d3/01,4015,200,280,8
740,m5d3/02,4015,200,-307,-77
741,w1ej/00,4022,400,0,0
742,k5e1/00,3817,400,0,0
743,k5ti/00,3818,400,0,0
744,r2ea/00,4023,400,0,0
745,default/00,3924,100,0,0
746,default/00,4021,100,-100,-100
747,default/00,4024,100,0,0
748,default/00,4033,100,-100,-100
749,default/00,3926,100,0,0
750,m5f2/00,3710,100,0,0
751,u5f2/00,3712,100,0,0
752,m5d4/01,4154,200,15,0
753,m5d4/02,4154,200,0,50
754,m5d4/03,4154,200,-15,0
755,z5r1/01,4167,200,-80,-550
756,z5r1/02,4167,200,750,650
757,z5r1/03,4167,200,-750,750
758,r1fz/01,4098,400,-100,-100
759,s5p1/00,4090,400,0,0
760,s5p2/00,4091,400,0,0
761,s5p3/00,4092,400,0,0
762,default/00,0,100,0,0
763,w1d5/08,457,400,772,600
764,w1d5/09,4032,400,704,-480
765,r1fz/02,4099,400,-100,-100
766,z5e1/00,4031,400,0,0
767,k5e4/00,4034,400,0,0
768,z5d1/01,4180,200,-76,-180
769,z5d1/02,4180,200,143,-64
770,z5d1/03,4180,200,29,112
771,n5r6/00,4196,400,-100,-100
772,h1m2/01,4043,100,-175,138
773,h1m2/02,4043,100,-175,138
774,h1m2/03,4043,100,-175,138
775,h1m2/04,4043,100,-175,138
776,h1m2/05,4043,100,-175,138
777,h1m2/06,4043,100,-175,138
778,h1m2/07,4043,100,-175,138
779,h1m2/08,4043,100,-175,138
780,h1m2/09,4043,100,-175,138
781,h1m2/10,4043,100,-175,138
782,z5d1/01,4180,200,-76,-180
783,z5d1/02,4180,200,143,-64
784,z5d1/03,4180,200,29,112
785,m5d4/03,4154,200,-15,0
786,z5e4/00,4038,400,-15,0
787,m5e4/00,4039,800,0,0
788,k5e5/00,4146,200,8,-501
789,f1ea/00,4040,400,0,0
790,default/00,4045,400,-100,-181
791,default/00,0,400,37,42
792,n5r7/00,4198,400,-100,-100
793,h1m2/11,4043,100,-175,138
794,h1m2/12,4043,100,-175,138
795,u5e3/02,4251,400,37,42
796,u5e3/03,4252,400,37,42
797,u5e3/04,4253,400,37,42
798,u5e3/05,4254,400,37,42
799,u5e3/06,4255,400,37,42
800,u5e3/07,4256,400,37,42
801,u5e3/01,4042,400,37,42
802,z5fa/00,4197,400,-100,-100
803,w5d1/00,4199,200,0,0
804,w5d2/01,4227,200,335,100
805,w5d2/02,4227,200,35,243
806,w5d2/03,4227,200,-289,105
807,n5r5/00,4249,400,-100,-100
808,n5r8/00,4250,400,-100,-100
809,n5r8/00,4250,400,-100,-100
810,n5r7/00,4198,400,500,500
811,z5r2/01,4258,200,0,480
812,z5r2/02,4258,200,700,-750
813,z5r2/03,4258,200,-350,-135
814,z5r2/04,4258,200,-800,-750
815,m5d5/01,4270,200,-46,570
816,m5d5/02,4270,200,-24,744
817,m5d5/03,4270,200,-350,260
818,n5c1/00,4287,400,-100,-100
819,default/00,2528,400,0,0
820,default/00,2529,100,0,0
821,z3oz/00,4288,400,-100,-100
822,s5p4/00,4093,400,0,0
823,m5fa/00,4289,400,-100,-100
824,m5d5/04,4270,200,320,-250
825,default/00,4293,400,-693,-46
826,m5d5/01,4270,200,-24,744
827,m5d5/02,4270,200,-24,744
828,m5d5/03,4270,200,-350,260
829,m5d5/04,4270,200,320,-250
830,z5fb/00,4296,400,-100,-100
831,k5d2/01,4297,200,368,-277
832,k5d2/02,4297,200,-288,220
833,k5d2/03,4297,200,389,149
834,n5ra/00,4362,400,-100,-100
835,n5rc/01,4375,400,-100,-100
836,n5rc/02,4376,400,-100,-100
837,n5r9/00,4358,400,-100,-100
838,m5fb/00,4377,400,-100,-100
839,n5rb/00,4307,400,-100,-100
840,m5e5/00,4380,800,0,0
841,m5e7/00,4381,400,-12,-16
842,z5e5/00,4382,400,-30,-600
843,e5d1/01,4308,200,-145,-820
844,e5d1/02,4308,200,774,-118
845,e5d1/03,4308,200,700,-700
846,e5d1/04,4308,200,700,-700
847,e5d1/05,4308,200,700,-540
848,e5d1/06,4308,200,-741,-141
849,e5d1/07,4308,200,10,-20
850,e5d1/08,4308,200,-900,866
851,e5d2/01,4338,200,0,40
852,e5d2/02,4338,200,-300,40
853,e5d2/03,4338,200,200,-7
854,s5p5/00,4094,400,0,0
855,y6t1/00,4504,180,50,-70
856,x6t1/00,4503,180,0,90
857,y6f1/00,4505,100,0,0
858,y6f2/00,4506,100,0,0
859,y6f3/00,4507,100,0,0
860,x6f1/00,4508,100,0,0
861,x6f2/00,4509,100,0,0
862,x6f3/00,4510,100,0,0
863,k5d2/04,4297,200,-288,220
864,z5d2/01,4431,200,440,130
865,z5d2/02,4431,200,0,30
866,h1m2/13,4043,100,-175,138
867,o5d1/01,4383,200,0,-785
868,o5d1/02,4383,200,530,-265
869,o5d1/04,4383,200,-101,35
870,o5d1/05,4383,200,-128,733
871,o5d1/06,4383,200,-886,-148
872,o5d1/07,4383,200,-907,530
873,o5d1/09,4383,200,-611,728
874,o5d1/10,4383,200,-950,756
875,o5d2/01,4416,200,0,-60
876,o5d2/02,4416,200,-200,-75
877,o5d2/03,4416,200,200,-7
878,default/00,4469,200,200,240
879,default/00,4469,200,0,240
880,default/00,4469,200,-200,124
881,default/00,4469,200,200,-252
882,default/00,4469,200,0,-213
883,default/00,4469,200,-200,-133
884,z5r3/01,4443,200,800,783
885,z5r3/02,4443,200,945,-945
886,z5r3/03,4443,200,0,850
887,z5r3/04,4443,200,0,-830
888,z5r3/05,4443,200,0,-750
889,z5r3/06,4443,200,-800,-850
890,z5r3/07,4443,200,-945,945
891,w1el/00,4468,800,0,21
892,o5d1/03,4383,200,680,256
893,o5d1/08,4383,200,-847,658
894,z5fc/00,4441,400,-100,-100
895,o5d1/11,4383,200,-189,730
896,default/00,5000,100,0,0
897,y6d1/01,4602,200,-44,-88
898,y6d1/02,4602,200,-44,-88
899,x6d1/00,4909,200,0,-20
900,x6d4/01,4926,200,130,-348
901,x6d4/02,4926,200,130,354
902,y6d2/01,4480,200,0,0
903,y6d2/02,4480,200,0,0
904,y6d2/03,4480,200,0,0
905,x6d2/01,5007,200,-30,-63
906,x6d2/02,5007,200,153,-77
907,x6d2/03,5007,200,88,180
908,x6d2/04,5007,200,55,142
909,x6d2/05,5007,200,-120,-108
910,x6d3/01,3799,200,29,-95
911,x6d3/02,3799,200,-852,-823
912,x6d3/03,3799,200,-778,-735
913,x6d3/04,3799,200,533,373
914,x6d3/05,3799,200,642,507
915,y6d3/01,5027,200,0,144
916,y6d3/02,5027,200,0,144
917,x6d5/01,5105,200,0,-150
918,world/03,20,100,0,0
919,world/04,20,100,0,0
920,region/15,4500,100,0,0
921,region/16,4501,100,0,0
922,region/17,4502,100,0,0
923,x6r2/00,5102,400,-100,-100
924,x6r4/00,5103,400,-100,-100
925,y6fa/00,5115,400,-100,-100
926,x6r3/00,5114,400,-100,-100
927,x6r1/00,5104,400,-100,-100
928,x6fb/00,5116,400,-100,-100
929,x6fa/00,5117,400,-100,-100
930,x6d5/02,5105,200,-100,350
931,y6e1/00,4523,400,0,-19
932,x6e1/00,4748,400,0,8
933,y6e3/00,4750,400,0,-9
934,x6e2/00,4654,400,1,6
935,default/00,4909,400,0,-640
936,y6e2/00,4751,400,0,31
937,x6e4/00,4655,400,0,0
938,x6e5/00,4749,400,0,0
939,y6ti/00,4540,800,210,-285
940,f1dc/00,5120,200,32,0
941,n4d9/10,5121,200,0,286
942,s1p6/00,5125,400,0,0
943,x6d6/01,5126,200,-35,-398
944,x6d6/02,5126,200,-87,156
945,x6d6/03,5126,200,-34,710
946,z6r1/01,5138,200,-800,-595
947,z6r1/02,5138,200,464,-710
948,z6r1/03,5138,200,566,580
949,z6r1/04,5138,200,-864,820
950,z6r1/05,5138,200,-864,820
951,z6r1/06,5138,200,-150,-800
952,l1rz/01,1436,400,-100,-100
953,l1rz/02,1436,400,-100,-100
954,l1rz/03,1436,400,-100,-100
955,z6e1/00,5139,400,0,58
956,f1ec/00,4754,400,0,0
957,w1em/00,4755,800,0,0
958,h1i1/01,2950,400,0,0
959,h1i1/02,2950,400,0,0
960,h1i2/01,21,400,0,0
961,h1i2/02,21,400,0,0
962,h1i2/03,21,400,0,0
963,h1i3/01,20,400,0,0
964,h1i3/02,20,400,0,0
965,h1i3/03,20,400,0,0
966,x6e7/00,4526,100,0,0
967,o6b1/01,4932,100,0,0
968,o6b1/02,5179,200,-700,-416
969,o6b1/03,5179,200,-700,-10
970,o6b1/04,5179,200,547,-195
971,o6b1/05,5179,200,-700,350
972,x6d6/01,5126,200,-35,-398
973,x6d6/02,5126,200,-87,156
974,x6d6/03,5126,200,-34,710
975,o6b1/06,5179,200,-615,121
976,o6b1/07,5179,200,-784,120
977,o6b1/08,5179,200,-532,36
978,o6b1/09,5179,200,-528,-54
979,o6b1/10,5179,200,-553,112
980,o6b1/11,5179,200,-644,176
981,o6b1/12,5179,200,-867,36
982,o6b1/13,5179,200,-872,-54
983,o6b1/14,5179,200,-755,176
984,o6b1/15,5179,200,-846,111
985,o6b1/16,5179,200,800,-387
986,o6b1/17,5179,200,-700,573
987,o6b1/18,5179,200,-700,774
988,o6b1/19,5179,200,-813,506
989,o6b1/20,5179,200,-640,470
990,o6b1/21,5179,200,-583,571
991,x6r6/00,5175,400,-100,-100
992,x6r5/00,5176,400,-100,-100
993,x6r8/01,5177,400,-100,-100
994,x6r8/02,5178,400,-100,-100
995,x6d7/01,5156,200,122,-273
996,x6d7/02,5156,200,111,19
997,x6d7/03,5156,200,0,248
998,x6d7/04,5156,200,0,248
999,x6d7/05,5156,200,0,248
1000,x6r7/01,5155,400,-100,-100
1001,x6r7/02,5155,400,-100,-5
1002,x6r7/03,5155,400,-100,-5
1003,c1w1/00,5219,100,0,0
1004,c1w1/02,5219,100,0,0
1005,c1w1/03,5219,100,0,0
1006,c1w1/04,5219,100,0,0
1007,c1w1/05,5219,100,0,0
1008,c1w1/06,5219,100,0,0
1009,c1w1/07,5219,100,0,0
1010,c1w1/08,5219,100,0,0
1011,c1w1/09,5219,100,0,0
1012,c1w1/10,5219,100,0,0
1013,c1w1/11,5219,100,0,0
1014,c1w1/12,5219,100,0,0
1015,c1w1/13,5219,100,0,0
1016,c1w1/14,5219,100,0,0
1017,c1w1/15,5219,100,0,0
1018,c1w1/16,5219,100,0,0
1019,c1w1/17,5219,100,0,0
1020,c1w1/18,5219,100,0,0
1021,c1w1/19,5219,100,0,0
1022,c1w1/20,5219,100,0,0
1023,x6e8/00,4759,400,0,0
1024,x6e9/00,4760,400,0,0
1025,o6e1/00,4757,400,0,40
1026,o6e2/00,4758,400,0,0
1027,x6d6/01,5126,200,-35,-398
1028,x6d6/02,5126,200,-87,156
1029,x6d6/03,5126,200,-34,710
1030,x6fd/00,5153,400,-100,-100
1031,c1w1/21,5219,100,0,0
1032,x6r8/03,5177,400,-100,-100
1033,,0,0,0,0
1034,,0,0,0,0
1035,,0,0,0,0
1036,,0,0,0,0
1037,,0,0,0,0
1038,,0,0,0,0
1039,,0,0,0,0
1040,,0,0,0,0
1041,,0,0,0,0
1042,,0,0,0,0
1043,,0,0,0,0
1044,,0,0,0,0
1045,,0,0,0,0
1046,,0,0,0,0
1047,,0,0,0,0
1048,,0,0,0,0
1049,,0,0,0,0
1050,,0,0,0,0
1051,,0,0,0,0
1052,,0,0,0,0
1053,,0,0,0,0
1054,,0,0,0,0
1055,,0,0,0,0
1056,,0,0,0,0
1057,,0,0,0,0
1058,,0,0,0,0
1059,,0,0,0,0
1060,,0,0,0,0
1061,,0,0,0,0
1062,,0,0,0,0
1063,,0,0,0,0
1064,,0,0,0,0
1065,,0,0,0,0
1066,,0,0,0,0
1067,,0,0,0,0
1068,,0,0,0,0
1069,,0,0,0,0
1070,,0,0,0,0
1071,,0,0,0,0
1072,,0,0,0,0
1073,,0,0,0,0
1074,,0,0,0,0
1075,,0,0,0,0
1076,,0,0,0,0
1077,,0,0,0,0
1078,,0,0,0,0
1079,,0,0,0,0
1080,,0,0,0,0
1081,,0,0,0,0
1082,,0,0,0,0
1083,,0,0,0,0
1084,,0,0,0,0
1085,,0,0,0,0
1086,,0,0,0,0
1087,,0,0,0,0
1088,,0,0,0,0
1089,,0,0,0,0
1090,,0,0,0,0
1091,,0,0,0,0
1092,,0,0,0,0
1093,,0,0,0,0
1094,,0,0,0,0
1095,,0,0,0,0
1096,,0,0,0,0
1097,,0,0,0,0
1098,,0,0,0,0
1099,,0,0,0,0
1100,,0,0,0,0
